	ID	NCBI_GENE_ID	ENSEMBL_ID	OFFICIAL_SYMBOL	OFFICIAL_NAME
4524	149079	6459	ENSG00000266777	SH3GL1P2	SH3 domain containing GRB2 like 1, endophilin A2 pseudogene 2
6383	193363	9298	ENSG00000255717	SNORD31	small nucleolar RNA, C/D box 31
8689	245854	23642	ENSG00000255717	SNHG1	small nucleolar RNA host gene 1
9221	256777	26774	ENSG00000234741	SNORD80	small nucleolar RNA, C/D box 80
9248	256855	26802	ENSG00000234741	SNORD47	small nucleolar RNA, C/D box 47
12567	322442	60674	ENSG00000234741	GAS5	growth arrest specific 5
12601	323256	63914	ENSG00000111850	LINC01590	long intergenic non-protein coding RNA 1590
12793	327193	64595	ENSG00000114374	TTTY15	testis expressed transcript, Y-linked 15
14890	367783	90632	ENSG00000112541	LINC00473	long intergenic non-protein coding RNA 473
15172	372448	93655	ENSG00000004866	ST7-OT3	ST7 overlapping transcript 3
16812	395119	148824	ENSG00000196242	GCSAML-AS1	GCSAML antisense RNA 1
18393	415883	267004	ENSG00000225830	PGBD3	piggyBac transposable element derived 3
18540	417349	283551	ENSG00000214900	LINC01588	long intergenic non-protein coding RNA 1588
20984	438169	400660	ENSG00000266256	LINC00683	long intergenic non-protein coding RNA 683
21118	439320	401312	ENSG00000105889	LOC401312	uncharacterized LOC401312
21546	441459	414926	ENSG00000245750	LINC00593	long intergenic non-protein coding RNA 593
21657	442402	440416	ENSG00000233098	CCDC144NL-AS1	CCDC144NL antisense RNA 1
22285	446371	574406	ENSG00000143384	ADAMTSL4-AS1	ADAMTSL4 antisense RNA 1
22406	446648	619190	ENSG00000231087	FDPSP2	farnesyl diphosphate synthase pseudogene 2
22416	446728	619498	ENSG00000234741	SNORD74	small nucleolar RNA, C/D box 74
22471	447295	642131	ENSG00000211952	LOC642131	immunoglobulin IGHV1OR15-3-like pseudogene
23010	450900	645037	ENSG00000274274	GAGE2B	G antigen 2B
23011	450909	645051	ENSG00000274274	GAGE13	G antigen 13
23444	453479	646982	ENSG00000215483	LINC00598	long intergenic non-protein coding RNA 598
23657	458325	653162	ENSG00000237506	RPSAP9	ribosomal protein SA pseudogene 9
23746	458993	653687	ENSG00000269911	FAM226B	family with sequence similarity 226 member B
24180	461465	728121	ENSG00000259295	CSPG4P12	chondroitin sulfate proteoglycan 4 pseudogene 12
24385	463247	728724	ENSG00000229140	LINC00977	long intergenic non-protein coding RNA 977
24538	464923	729296	ENSG00000228340	LOC729296	uncharacterized LOC729296
24579	465242	729408	ENSG00000236362	GAGE2D	G antigen 2D
24669	466066	729689	ENSG00000205879	FAM90A2P	family with sequence similarity 90 member A2, pseudogene
31327	613645	52480	ENSMUSG00000100826	Snhg14	small nucleolar RNA host gene 14
34598	677659	69050	ENSMUSG00000002250	1810013A23Rik	RIKEN cDNA 1810013A23 gene
34811	680465	69412	ENSMUSG00000019865	1700016L04Rik	RIKEN cDNA 1700016L04 gene
35460	688786	70592	ENSMUSG00000029089	5730480H06Rik	RIKEN cDNA 5730480H06 gene
37362	711344	73871	ENSMUSG00000089887	4930428N03Rik	RIKEN cDNA 4930428N03 gene
39070	729780	76610	ENSMUSG00000100857	1700063K16Rik	RIKEN cDNA 1700063K16 gene
39173	730988	76786	ENSMUSG00000028700	2510003B16Rik	RIKEN cDNA 2510003B16 gene
39951	737685	78178	ENSMUSG00000045095	4930511A08Rik	RIKEN cDNA 4930511A08 gene
40245	739738	78668	ENSMUSG00000030337	E130112N10Rik	RIKEN cDNA E130112N10 gene
42117	760290	103841	ENSMUSG00000018378	Cuedc1	CUE domain containing 1
43066	774140	110558	ENSMUSG00000060550	H2-Q9	histocompatibility 2, Q region locus 9
43934	788375	210035	ENSMUSG00000040195	Nemp1	nuclear envelope integral membrane protein 1
46299	830708	238447	ENSMUSG00000095079	Igha	immunoglobulin heavy constant alpha
46366	831518	239410	ENSMUSG00000060530	A930017M01Rik	Smg-5 homolog, nonsense mediated mRNA decay factor pseudogene
47846	846050	258857	ENSMUSG00000089717	Or13f5	olfactory receptor family 13 subfamily F member 5
48722	856792	319469	ENSMUSG00000021557	A230056J06Rik	RIKEN cDNA A230056J06 gene
48817	857838	319646	ENSMUSG00000037747	D630013N20Rik	RIKEN cDNA D630013N20 gene
49055	860167	320092	ENSMUSG00000053279	E030003E18Rik	RIKEN cDNA E030003E18 gene
49173	861320	320292	ENSMUSG00000089809	Rasgef1b	RasGEF domain family, member 1B
49271	862216	320463	ENSMUSG00000036381	F630111L10Rik	RIKEN cDNA F630111L10 gene
49793	867652	329436	ENSMUSG00000054510	Gm14461	predicted gene 14461
49897	868710	330173	ENSMUSG00000072694	2610524H06Rik	RIKEN cDNA 2610524H06 gene
50637	878484	383709	ENSMUSG00000027022	Gm1322	predicted gene 1322
50721	879652	384814	ENSMUSG00000079058	Gm5347	predicted gene 5347
51204	883206	408057	ENSMUSG00000001768	BC039771	cDNA sequence BC039771
51266	883637	414121	ENSMUSG00000059146	E430016F16Rik	RIKEN cDNA E430016F16 gene
51954	889283	503844	ENSMUSG00000053961	Ang5	angiogenin, ribonuclease A family, member 5
52032	890184	545182	ENSMUSG00000022500	Gm9861	predicted gene 9861
52193	891382	545963	ENSMUSG00000003271	Gm5897	predicted gene 5897
52778	896473	623534	ENSMUSG00000046242	Nme9	NME/NM23 family member 9
52830	896925	624367	ENSMUSG00000021846	Gm6498	glyceraldehyde-3-phosphate dehydrogenase pseudogene
53628	909389	654309	ENSMUSG00000079036	Nrp	neural regeneration protein
53924	911693	665654	ENSMUSG00000096857	Gm7732	sperm motility kinase Y pseudogene
54045	912641	100503799	ENSMUSG00000070713	Gm7931	predicted pseudogene 7931
55703	941684	24912	ENSRNOG00000047986	Sult2a1	sulfotransferase family 2A member 1
55805	942756	25087	ENSRNOG00000065935	Kng2l1	kininogen 2-like 1
56524	950077	29266	ENSRNOG00000020625	Mcpt2	mast cell protease 2
56996	954635	54243	ENSRNOG00000008193	Cr1l	complement C3b/C4b receptor 1 like
57022	954854	54272	ENSRNOG00000063482	Mcpt9	mast cell protease 9
58150	965059	81869	ENSRNOG00000018937	Gstm7	glutathione S-transferase, mu 7
58637	969708	113902	ENSRNOG00000015438	Ces1d	carboxylesterase 1D
58653	969838	113938	ENSRNOG00000054391	Snurf	SNRPN upstream open reading frame
58670	969967	113992	ENSRNOG00000018740	Ugt1a6	UDP glucuronosyltransferase family 1 member A6
58926	972235	116632	ENSRNOG00000049498	Nat2	N-acetyltransferase 2
59004	972885	116742	ENSRNOG00000020119	Pcdha13	protocadherin alpha 13
59009	972929	116778	ENSRNOG00000020119	Pcdha10	protocadherin alpha 10
59010	972938	116779	ENSRNOG00000020119	Pcdha12	protocadherin alpha 12
59012	972958	116781	ENSRNOG00000020119	Pcdha8	protocadherin alpha 8
59098	973686	117252	ENSRNOG00000052704	Dnah10	dynein, axonemal, heavy chain 10
59247	974980	140928	ENSRNOG00000024457	Pde11a	phosphodiesterase 11A
59266	975129	154516	ENSRNOG00000018740	Ugt1a7c	UDP glucuronosyltransferase 1 family, polypeptide A7C
59332	975696	170698	ENSRNOG00000047493	Slco1a4	solute carrier organic anion transporter family, member 1a4
59356	975881	170848	ENSRNOG00000011624	Kcnq2	potassium voltage-gated channel subfamily Q member 2
59624	978218	171528	ENSRNOG00000049976	Gzmb	granzyme B
59780	979571	245959	ENSRNOG00000008797	Slc25a3	solute carrier family 25 member 3
60059	981909	266684	ENSRNOG00000029179	Cyp2d1	cytochrome P450, family 2, subfamily d, polypeptide 1
60278	983496	287099	ENSRNOG00000003654	Cldn9	claudin 9
60525	984840	287701	ENSRNOG00000003899	Krt14	keratin 14
60533	984886	287715	ENSRNOG00000020441	Wnk4	WNK lysine deficient protein kinase 4
60534	984896	287716	ENSRNOG00000053448	Psme3	proteasome activator subunit 3
61293	989310	290564	ENSRNOG00000052391	Mettl6	methyltransferase 6, tRNA N3-cytidine
61562	990993	291637	ENSRNOG00000063070	Pcdhga5	protocadherin gamma subfamily A, 5
61679	991689	291983	ENSRNOG00000019353	Psmb10	proteasome 20S subunit beta 10
62456	995913	294257	ENSRNOG00000051235	Cfb	complement factor B
63087	999492	296562	ENSRNOG00000013102	Npdc1	neural proliferation, differentiation and control, 1
63409	1001373	298109	ENSRNOG00000067602	Mup4l1	major urinary protein 4 like 1
63410	1001381	298111	ENSRNOG00000067602	LOC298111	alpha2u globulin
63576	1002378	298687	ENSRNOG00000018691	Aurkaip1	aurora kinase A interacting protein 1
63694	1003081	299154	ENSRNOG00000007660	Churc1	churchill domain containing 1
63919	1004372	300035	ENSRNOG00000021638	Pycr3	pyrroline-5-carboxylate reductase 3
63940	1004502	300083	ENSRNOG00000018920	Slc25a17	solute carrier family 25 member 17
64017	1004939	300308	ENSRNOG00000048230	LOC300308	similar to hypothetical protein 4930509O22
64417	1007167	301595	ENSRNOG00000018740	Ugt1a8	UDP glucuronosyltransferase family 1 member A8
64660	1008651	303002	ENSRNOG00000032152	Rab11fip3	RAB11 family interacting protein 3
64722	1008988	303215	ENSRNOG00000003287	Fbxw10	F-box and WD repeat domain containing 10
64778	1009373	303375	ENSRNOG00000007596	Rad51d	RAD51 paralog D
64801	1009505	303448	ENSRNOG00000030491	LOC303448	similar to glyceraldehyde-3-phosphate dehydrogenase
64832	1009676	303530	ENSRNOG00000003899	Krt16	keratin 16
65109	1011354	304500	ENSRNOG00000037815	Acad10	acyl-CoA dehydrogenase family, member 10
66541	1019971	310194	ENSRNOG00000019485	Kat8	lysine acetyltransferase 8
66927	1022241	311661	ENSRNOG00000012762	Zfp64	zinc finger protein 64
67275	1024290	313375	ENSRNOG00000031004	Cyp2j3	cytochrome P450, family 2, subfamily j, polypeptide 3
67694	1026784	315000	ENSRNOG00000008987	Rnf139	ring finger protein 139
68353	1030707	353498	ENSRNOG00000030111	Cyp11b3	cytochrome P450, family 11, subfamily b, polypeptide 3
68413	1031142	360504	ENSRNOG00000047321	Hba-a2	hemoglobin alpha, adult chain 2
68433	1031290	360543	ENSRNOG00000049695	Myh4	myosin heavy chain 4
68494	1031660	360626	ENSRNOG00000003899	Krt19	keratin 19
68746	1033203	361046	ENSRNOG00000061152	Parp4	poly (ADP-ribose) polymerase family, member 4
68815	1033639	361180	ENSRNOG00000019504	Grtp1	growth hormone regulated TBC protein 1
69064	1035115	361619	ENSRNOG00000047098	Hbb-b1	hemoglobin, beta adult major chain
69181	1035831	361791	ENSRNOG00000000818	Nrm	nurim
69212	1036051	361836	ENSRNOG00000000387	Slc25a16	solute carrier family 25 member 16
69508	1037889	362344	ENSRNOG00000010005	Ndufb2	NADH:ubiquinone oxidoreductase subunit B2
69567	1038259	362443	ENSRNOG00000007310	Klrb1a	killer cell lectin like receptor B1A
69617	1038552	362527	ENSRNOG00000063113	Mup4	major urinary protein 4
69806	1039713	362836	ENSRNOG00000031387	Dazap1	DAZ associated protein 1
69816	1039774	362848	ENSRNOG00000008378	Pram1	PML-RARA regulated adaptor molecule 1
69819	1039801	362851	ENSRNOG00000006901	Cd320	CD320 molecule
69866	1040092	362936	ENSRNOG00000057901	Zfp707l1	zinc finger protein 707-like 1
69930	1040481	363040	ENSRNOG00000009850	St3gal4	ST3 beta-galactoside alpha-2,3-sialyltransferase 4
69963	1040675	363091	ENSRNOG00000057676	Myzap	myocardial zonula adherens protein
70069	1041318	363275	ENSRNOG00000019634	Eif4e2	eukaryotic translation initiation factor 4E family member 2
70085	1041437	363328	ENSRNOG00000048462	Ticam1	TIR domain containing adaptor molecule 1
70122	1041700	363484	ENSRNOG00000037919	Chic1	cysteine-rich hydrophobic domain 1
70212	1042217	363701	ENSRNOG00000050974	RGD1559458	similar to Immunoglobulin superfamily, member 7
70535	1044182	364844	ENSRNOG00000063070	Pcdhgb7	protocadherin gamma subfamily B, 7
70536	1044188	364845	ENSRNOG00000063070	Pcdhgb8	protocadherin gamma subfamily B, 8
70563	1044379	364976	ENSRNOG00000003149	Syce2	synaptonemal complex central element protein 2
70618	1044699	365183	ENSRNOG00000027855	Fcar	Fc alpha receptor
70642	1044916	365245	ENSRNOG00000055531	Saa4	serum amyloid A4
70778	1045652	365657	ENSRNOG00000018297	Marveld2	MARVEL domain containing 2
70830	1045961	365842	ENSRNOG00000020500	Clk2	CDC-like kinase 2
71113	1047587	366791	ENSRNOG00000007784	Rdh5	retinol dehydrogenase 5
71177	1047918	366988	ENSRNOG00000031930	Bin2	bridging integrator 2
71255	1048361	367216	ENSRNOG00000042230	Ncr2	natural cytotoxicity triggering receptor 2
71266	1048449	367264	ENSRNOG00000014079	Stat4	signal transducer and activator of transcription 4
71323	1048950	367733	ENSRNOG00000003013	Rpgr	retinitis pigmentosa GTPase regulator
71437	1049629	393088	ENSRNOG00000020119	Pcdha6	protocadherin alpha 6
71440	1049658	393092	ENSRNOG00000020119	Pcdhac2	protocadherin alpha subfamily C, 2
71441	1049665	394223	ENSRNOG00000020119	Pcdha11	protocadherin alpha 11
71443	1049683	396527	ENSRNOG00000018740	Ugt1a2	UDP glucuronosyltransferase 1 family, polypeptide A2
71444	1049691	396551	ENSRNOG00000018740	Ugt1a3	UDP glycosyltransferase 1 family, polypeptide A3
71445	1049697	396552	ENSRNOG00000018740	Ugt1a9	UDP glucuronosyltransferase family 1 member A9
71447	1049712	399489	ENSRNOG00000016708	E2f1	E2F transcription factor 1
71564	1050153	404943	ENSRNOG00000047264	Or6c70	olfactory receptor family 6 subfamily C member 70
71575	1050204	404963	ENSRNOG00000045565	Olr1520	olfactory receptor 1520
71591	1050279	404984	ENSRNOG00000047514	Or5ac16	olfactory receptor family 5 subfamily AC member 16
71769	1050871	405213	ENSRNOG00000069229	Or6d13	olfactory receptor family 6 subfamily D member 13
71981	1051951	406012	ENSRNOG00000046355	Or10al27	olfactory receptor family 10 subfamily AL member 27
71982	1051958	406013	ENSRNOG00000046355	Or10al5b	olfactory receptor family 10 subfamily AL member 5B
72073	1052477	408239	ENSRNOG00000031792	Mcpt1l4	mast cell protease 1-like 4
72092	1052593	414788	ENSRNOG00000032596	RT1-T24-3	RT1 class I, locus T24, gene 3
72095	1052607	414791	ENSRNOG00000038999	RT1-CE11	RT1 class I, locus CE11
72103	1052798	415062	ENSRNOG00000027225	Ly6g6d	lymphocyte antigen 6 family member G6D
72137	1053078	450226	ENSRNOG00000003899	Ka11	type I keratin KA11
72155	1053205	493909	ENSRNOG00000014555	Aox3	aldehyde oxidase 3
72172	1053331	494207	ENSRNOG00000064635	Ly49si2	immunoreceptor Ly49si2
72303	1054193	497229	ENSRNOG00000025562	Ang2	angiogenin, ribonuclease A family, member 2
72381	1054696	497954	ENSRNOG00000003116	Ovca2	OVCA2 serine hydrolase domain containing
72384	1054711	497958	ENSRNOG00000007788	Gemin4	gem (nuclear organelle) associated protein 4
72387	1054727	497961	ENSRNOG00000008704	Nlk	nemo like kinase
72421	1054910	498022	ENSRNOG00000046216	RGD1559482	similar to immunoglobulin superfamily, member 7
72424	1054921	498028	ENSRNOG00000033143	Cep295nl	CEP295 N-terminal like
72426	1054932	498030	ENSRNOG00000036686	Anapc11	anaphase promoting complex subunit 11
72489	1055345	498184	ENSRNOG00000001377	Iqcd	IQ motif containing D
72581	1055942	498399	ENSRNOG00000004555	Sec14l4	SEC14-like lipid binding 4
72591	1056017	498420	ENSRNOG00000006185	Etaa1	ETAA1 activator of ATR kinase
72647	1056458	498606	ENSRNOG00000019971	Kxd1	KxDL motif containing 1
72727	1057011	498846	ENSRNOG00000063070	Pcdhga2	protocadherin gamma subfamily A, 2
72728	1057019	498847	ENSRNOG00000063070	Pcdhga3	protocadherin gamma subfamily A, 3
72731	1057032	498850	ENSRNOG00000063070	Pcdhga12	protocadherin gamma subfamily A, 12
72842	1057714	499133	ENSRNOG00000031859	RGD1562402	similar to 60S ribosomal protein L27a
72872	1057923	499223	ENSRNOG00000017191	Trim30d	tripartite motif-containing 30D
73058	1059106	499688	ENSRNOG00000060939	Gstm6	glutathione S-transferase, mu 6
73126	1059546	499860	ENSRNOG00000046942	Olr765	olfactory receptor 765
73175	1059851	499958	ENSRNOG00000051498	Linc00176	long intergenic non-protein coding RNA 176
73189	1059942	499985	ENSRNOG00000005906	RGD1565355	similar to fatty acid translocase/CD36
73303	1060691	500227	ENSRNOG00000010048	C4h2orf81	similar to human chromosome 2 open reading frame 81
73317	1060765	500251	ENSRNOG00000010474	Hmces	5-hydroxymethylcytosine binding, ES cell specific
73456	1061539	500540	ENSRNOG00000032183	Slfnl1	schlafen-like 1
73555	1062199	500801	ENSRNOG00000029478	Cyp4f17	cytochrome P450, family 4, subfamily f, polypeptide 17
73612	1062552	500929	ENSRNOG00000053468	Tuba1b	tubulin, alpha 1B
73660	1062868	501039	ENSRNOG00000013802	Slc25a36	solute carrier family 25 member 36
73847	1064282	501794	ENSRNOG00000066069	Vom2r60	vomeronasal 2 receptor, 60
73855	1064354	501828	ENSRNOG00000066614	RGD1566006	similar to paired immunoglobin-like type 2 receptor beta
73938	1064966	502217	ENSRNOG00000023659	Raet1d	retinoic acid early transcript delta
73958	1065123	502301	ENSRNOG00000050831	Vom2r36	vomeronasal 2 receptor, 36
74245	1067156	574523	ENSRNOG00000018740	Ugt1a5	UDP glucuronosyltransferase family 1 member A5
74258	1067248	619346	ENSRNOG00000060005	Surf4	surfeit 4
74268	1067324	619558	ENSRNOG00000010589	Retreg1	reticulophagy regulator 1
74281	1067406	641316	ENSRNOG00000061876	Aldh4a1	aldehyde dehydrogenase 4 family, member A1
74297	1067509	641624	ENSRNOG00000038126	Defb5	defensin beta 5
74474	1069895	679691	ENSRNOG00000069767	Vom2r5	vomeronasal 2 receptor, 5
74505	1070173	679816	ENSRNOG00000033153	LOC679816	similar to 14-3-3 protein sigma (Stratifin)
74527	1070358	679898	ENSRNOG00000016087	Zmat2	zinc finger, matrin type 2
74644	1071288	680316	ENSRNOG00000068909	LOC680316	similar to Cytochrome P450 11B1, mitochondrial precursor (CYPXIB1) (P450C11) (Steroid 11-beta-hydroxylase) (P450(11 beta)-DS)
74675	1071485	680406	ENSRNOG00000045799	LOC680406	similar to Urinary protein 2 precursor (RUP-2)
74731	1071927	680602	ENSRNOG00000028701	Lcn12	lipocalin 12
74748	1072063	680665	ENSRNOG00000034230	Fcrl1	Fc receptor-like 1
74854	1072910	681059	ENSRNOG00000020441	Vps25	vacuolar protein sorting 25 homolog
75018	1075444	682236	ENSRNOG00000033507	Vom2r81	vomeronasal 2, receptor 81
75052	1076772	682870	ENSRNOG00000017963	Zfp58	zinc finger protein 58
75086	1077712	685729	ENSRNOG00000000133	Pcbd2	pterin-4 alpha-carbinolamine dehydratase 2
75273	1081787	685079	ENSRNOG00000014480	Sys1	Sys1 golgi trafficking protein
75274	1081790	685080	ENSRNOG00000010332	Nipsnap3a	nipsnap homolog 3A (C. elegans)
75328	1082252	685289	ENSRNOG00000048881	LOC685289	similar to paired immunoglobin-like type 2 receptor beta
75394	1082960	685614	ENSRNOG00000046931	LOC685614	similar to PRAME family member 8
75410	1083104	685679	ENSRNOG00000032152	Nme4	NME/NM23 nucleoside diphosphate kinase 4
75481	1083685	685945	ENSRNOG00000031140	Vom1r104	vomeronasal 1 receptor 104
75748	1089254	688392	ENSRNOG00000070578	Vom2r49	vomeronasal 2 receptor, 49
75844	1090140	688794	ENSRNOG00000047851	Vom1r65	vomeronasal 1 receptor 65
75916	1090720	689064	ENSRNOG00000047098	Hbb-bs	hemoglobin, beta adult s chain
75963	1091177	689258	ENSRNOG00000028913	LOC689258	similar to Serine/threonine-protein kinase MARK1 (MAP/microtubule affinity-regulating kinase 1)
75967	1091206	689274	ENSRNOG00000019181	Myoz3	myozenin 3
76083	1092330	689779	ENSRNOG00000052704	Tctn2	tectonic family member 2
76217	1093351	690244	ENSRNOG00000003661	Sumo2	small ubiquitin-like modifier 2
76302	1093958	690509	ENSRNOG00000069088	LOC690509	Ig kappa chain V-VI region NQ2-48.2.2-like
76320	1094117	690593	ENSRNOG00000057050	Vom2r13	vomeronasal 2 receptor, 13
76350	1094441	690745	ENSRNOG00000037850	Mtarc1	mitochondrial amidoxime reducing component 1
76355	1094468	690758	ENSRNOG00000066191	Vom2r22	vomeronasal 2 receptor, 22
76450	1095296	691143	ENSRNOG00000011895	Saal1	serum amyloid A-like 1
76497	1095657	691325	ENSRNOG00000029702	LOC691325	similar to oocyte specific homeobox 3
76769	1098861	303351	ENSRNOG00000004093	Rhot1	ras homolog family member T1
76803	1099778	692197	ENSG00000234741	SNORD77	small nucleolar RNA, C/D box 77
77118	1109481	692235	ENSG00000200154	SNORD103B	small nucleolar RNA, C/D box 103B
77136	1110304	366588	ENSRNOG00000008373	Colec11	collectin sub-family member 11
77190	1111328	692196	ENSG00000234741	SNORD76	small nucleolar RNA, C/D box 76
77198	1111457	641525	ENSRNOG00000063070	Pcdhgc5	protocadherin gamma subfamily C, 5
77265	3156783	100008586	ENSG00000236362	GAGE12F	G antigen 12F
77858	3278416	100038628	ENSMUSG00000025194	Gm10768	predicted gene 10768
78223	3281416	100039895	ENSMUSG00000029475	Gm2479	predicted gene 2479
78435	3283725	100040822	ENSMUSG00000090069	Gm1604a	predicted gene 1604A
78589	3285024	100041345	ENSMUSG00000100535	Gm20870	predicted gene, 20870
78649	3285584	100041576	ENSMUSG00000015882	Gm3414	predicted gene 3414
78798	3287069	100042166	ENSMUSG00000097321	Gm3704	predicted gene 3704
78859	3287693	100042405	ENSMUSG00000070713	Gm10282	high mobility group nucleosomal binding domain 2 pseudogene
78907	3288119	100042554	ENSMUSG00000019857	Gm3902	predicted gene 3902
79268	3290740	100043580	ENSMUSG00000000486	Gm4532	predicted gene 4532
79591	3345960	100125372	ENSRNOG00000015438	Ces1f	carboxylesterase 1F
79600	3346046	100134871	ENSRNOG00000047098	LOC100134871	beta globin minor gene
80008	3877271	100128966	ENSG00000120709	LOC100128966	uncharacterized LOC100128966
80168	3881993	100130207	ENSG00000144455	LOC100130207	uncharacterized LOC100130207
80178	3882332	100130283	ENSG00000140650	LOC100130283	uncharacterized LOC100130283
80389	3889672	100132249	ENSG00000230992	LOC100132249	uncharacterized LOC100132249
80472	3891836	100132987	ENSG00000230417	LINC00856	long intergenic non-protein coding RNA 856
80521	3895093	100134368	ENSG00000236829	LOC100134368	uncharacterized LOC100134368
80538	3896272	100158262	ENSG00000254911	SCARNA9L	small Cajal body-specific RNA 9 like
80596	3914742	100169864	ENSMUSG00000015290	Gm44504	predicted readthrough transcript (NMD candidate), 44504
80612	3920623	100145871	ENSRNOG00000046357	Adh5	alcohol dehydrogenase 5 (class III), chi polypeptide
80805	8089603	100271849	ENSG00000213999	MEF2B	myocyte enhancer factor 2B
80843	8090434	100287175	ENSG00000172366	LOC100287175	uncharacterized LOC100287175
81025	8094801	100288974	ENSG00000242600	BMS1P21	BMS1 pseudogene 21
81043	8095196	100289137	ENSG00000180071	FAM95C	family with sequence similarity 95 member C
81235	8101931	100302652	ENSG00000115239	GPR75-ASB3	GPR75-ASB3 readthrough
81325	8118024	100270683	ENSRNOG00000061876	Tas1r2	taste 1 receptor member 2
81428	8504219	100379661	ENSG00000156273	GRIK1-AS2	GRIK1 antisense RNA 2
81707	8506984	100499467	ENSG00000227036	LINC00673	long intergenic non-protein coding RNA 673
81837	8517573	100328588	ENSMUSG00000074141	Il4i1b	interleukin 4 induced 1B
81913	8526595	100312667	ENSRNOG00000054409	Vom1r13	vomeronasal 1 receptor 13
82239	8527481	100359478	ENSRNOG00000004255	Tstd1	thiosulfate sulfurtransferase like domain containing 1
82295	8528014	100359767	ENSRNOG00000038141	LOC100359767	hypothetical LOC100359767
82354	8528640	100360100	ENSRNOG00000019223	Taf3	TATA-box binding protein associated factor 3
82367	8528798	100360180	ENSRNOG00000057626	Pgd	phosphogluconate dehydrogenase
82371	8528845	100360205	ENSRNOG00000010107	Palld	palladin, cytoskeletal associated protein
82378	8528947	100360260	ENSRNOG00000030902	LOC100360260	chromobox homolog 3-like
82403	8529241	100360417	ENSRNOG00000043377	Rusc1	RUN and SH3 domain containing 1
82515	8530450	100361053	ENSRNOG00000029886	Hbq1b	hemoglobin subunit theta 1B
82545	8530712	100361194	ENSRNOG00000033025	Or7h8	olfactory receptor family 7 subfamily H member 8
82555	8530839	100361261	ENSRNOG00000049976	LOC100361261	uncharacterized LOC100361261
82589	8531188	100361468	ENSRNOG00000045973	Gzmbl2	Granzyme B-like 2
82590	8531206	100361476	ENSRNOG00000016336	LOC100361476	vasculin-like protein 1
82633	8531586	100361660	ENSRNOG00000049856	Zfp617	zinc finger protein 617
82645	8531701	100361724	ENSRNOG00000033164	Cyp2b13	cytochrome P450, family 2, subfamily b, polypeptide 13
82815	8533665	100362783	ENSRNOG00000050805	Spacdr	sperm acrosome developmental regulator
82919	8534843	100363408	ENSRNOG00000047988	Bola2-ps2	bolA family member 2, pseudogene 2
82933	8534998	100363492	ENSRNOG00000025725	Ly6k	lymphocyte antigen 6 family member K
82966	8535704	120102993	ENSRNOG00000031506	LOC120102993	ferritin light chain 1-like
82971	8535757	100364191	ENSRNOG00000030447	LOC100364191	hCG1994130-like
82994	8536416	100364835	ENSRNOG00000050098	H2bc6	H2B clustered histone 6
83203	8569107	100505498	ENSG00000226674	LOC100505498	uncharacterized LOC100505498
83218	8569271	100505555	ENSG00000196605	LOC100505555	uncharacterized LOC100505555
83424	8571329	100506403	ENSG00000159216	LOC100506403	uncharacterized LOC100506403
83513	8572158	100506746	ENSG00000163633	AFF1-AS1	AFF1 antisense RNA 1
83538	8572370	100506835	ENSG00000226808	LINC00840	long intergenic non-protein coding RNA 840
83628	8573347	100507257	ENSG00000223403	MEG9	maternally expressed 9
83768	8578096	100526832	ENSG00000213160	PHOSPHO2-KLHL23	PHOSPHO2-KLHL23 readthrough
83779	8578170	100527964	ENSG00000230124	LHX4-AS1	LHX4 antisense RNA 1
83843	8583082	100502716	ENSMUSG00000094044	Gm17267	predicted gene, 17267
83893	8583441	100502866	ENSMUSG00000095192	Gm20963	predicted gene, 20963
83921	8583624	100502937	ENSMUSG00000030930	Gm19463	predicted gene, 19463
84042	8584462	100503369	ENSMUSG00000094044	Gm17584	predicted gene, 17584
84062	8584607	100503425	ENSMUSG00000094044	Gm17469	predicted gene, 17469
84064	8584619	100503428	ENSMUSG00000078490	C030017K20Rik	RIKEN cDNA C030017K20 gene
84136	8585224	100503676	ENSMUSG00000003812	Gm38426	predicted gene, 38426
84176	8585555	100503831	ENSMUSG00000036054	Gm38427	predicted gene, 38427
84246	8586083	100504063	ENSMUSG00000095192	Gm20978	predicted gene, 20978
84332	8586725	100504347	ENSMUSG00000094002	Gm20187	predicted gene, 20187
84375	8587073	100504492	ENSMUSG00000095192	Gm20987	predicted gene, 20987
84382	8587121	100504511	ENSMUSG00000094044	Gm29349	predicted gene 29349
84409	8587342	100504606	ENSMUSG00000094044	Gm17693	predicted gene, 17693
84599	8589394	100526611	ENSRNOG00000035513	Mir3120	microRNA 3120
84677	8624275	100532736	ENSG00000158747	MICOS10-NBL1	MICOS10-NBL1 readthrough
84690	8624321	100533183	ENSG00000178882	ZNF664-RFLNA	ZNF664-RFLNA readthrough
84706	8624481	100534012	ENSG00000163156	TNFAIP8L2-SCNM1	TNFAIP8L2-SCNM1 readthrough
85120	8625519	100652777	ENSG00000069764	LOC100652777	group 10 secretory phospholipase A2
85224	8629529	100529260	ENSRNOG00000030247	Ankhd1	ankyrin repeat and KH domain containing 1
85225	8629541	100534597	ENSRNOG00000030317	Cenps	centromere protein S
85583	8723116	100874058	ENSG00000236088	COX10-DT	COX10 divergent transcript
85595	8723140	100874074	ENSG00000176124	DLEU7-AS1	DLEU7 antisense RNA 1
85845	8748374	100911069	ENSRNOG00000058050	Mtfr2	mitochondrial fission regulator 2
85882	8748961	100911395	ENSRNOG00000008025	Agbl4	AGBL carboxypeptidase 4
85887	8749084	100911462	ENSRNOG00000057774	Txnl4a	thioredoxin-like 4A
85905	8749401	100911617	ENSRNOG00000017187	LOC100911617	protein arginine N-methyltransferase 6-like
85911	8749482	100911664	ENSRNOG00000018456	C17h6orf62	similar to human chromosome 6 open reading frame 62
85920	8749580	100911718	ENSRNOG00000024016	LOC100911718	cytochrome P450 2C6-like
85931	8749736	100911798	ENSRNOG00000042879	Seh1l	SEH1-like nucleoporin
85992	8750503	100912195	ENSRNOG00000033844	LOC100912195	protein BEX1-like
86062	8751354	100912642	ENSRNOG00000030466	LOC100912642	cytochrome P450 2J3-like
86071	8751602	100912823	ENSRNOG00000066372	LOC100912823	zinc finger protein 709-like
86260	8762722	100874185	ENSG00000258537	FRMD6-AS2	FRMD6 antisense RNA 2
86296	8762780	100874282	ENSG00000146147	MLIP-IT1	MLIP intronic transcript 1
86365	8762901	100874369	ENSG00000151067	CACNA1C-IT2	CACNA1C intronic transcript 2
86680	8781242	101180901	ENSG00000086200	IPO11-LRRC70	IPO11-LRRC70 readthrough
86783	8784441	101056115	ENSMUSG00000091594	Gm17067	predicted gene 17067
86992	8794184	101929736	ENSG00000291153	LINC01372	long intergenic non-protein coding RNA 1372
87015	8794345	101929777	ENSG00000108379	LOC101929777	uncharacterized LOC101929777
87066	8794995	101930071	ENSG00000213904	LOC101930071	uncharacterized LOC101930071
87075	8795065	101930112	ENSG00000197912	LOC101930112	uncharacterized LOC101930112
87117	8797352	101488143	ENSMUSG00000073940	Hbb-bt	hemoglobin, beta adult t chain
87234	8797872	101928269	ENSG00000159216	LOC101928269	uncharacterized LOC101928269
87246	8797889	101928274	ENSG00000176834	LOC101928274	uncharacterized LOC101928274
87297	8797988	101928198	ENSG00000198948	LOC101928198	uncharacterized LOC101928198
87320	8798022	101928160	ENSG00000181135	LOC101928160	uncharacterized LOC101928160
87492	8798361	101928565	ENSG00000228697	LOC101928565	uncharacterized LOC101928565
87527	8798428	101928551	ENSG00000168594	LOC101928551	uncharacterized LOC101928551
87653	8798665	101928840	ENSG00000259905	PWRN3	Prader-Willi region non-protein coding RNA 3
87696	8798759	101929163	ENSG00000225914	TSBP1-AS1	TSBP1 and BTNL2 antisense RNA 1
87711	8798790	101929128	ENSG00000248538	LOC101929128	uncharacterized LOC101929128
87779	8798918	101929218	ENSG00000232624	LINC01517	long intergenic non-protein coding RNA 1517
87783	8798924	101929295	ENSG00000245552	LNCRNA-IUR	lncRNA imatinib upregulated
87939	8799508	101927587	ENSG00000233008	LINC01725	long intergenic non-protein coding RNA 1725
88060	8800009	101927829	ENSG00000231304	LOC101927829	uncharacterized LOC101927829
88062	8800011	101927827	ENSG00000229311	LOC101927827	uncharacterized LOC101927827
88145	8800251	101927178	ENSG00000151327	LOC101927178	uncharacterized LOC101927178
88150	8800260	101927189	ENSG00000146147	LOC101927189	uncharacterized LOC101927189
88218	8800483	101927242	ENSG00000168746	LINC01430	long intergenic non-protein coding RNA 1430
88261	8800675	101927394	ENSG00000227110	LOC101927394	uncharacterized LOC101927394
88318	8800897	101927446	ENSG00000105793	LOC101927446	uncharacterized LOC101927446
88348	8800938	101927480	ENSG00000245694	LOC101927480	uncharacterized LOC101927480
88411	8801179	101927055	ENSG00000237298	LOC101927055	uncharacterized LOC101927055
88413	8801181	101927057	ENSG00000126861	LOC101927057	uncharacterized LOC101927057
88473	8801405	101926907	ENSG00000234807	LOC101926907	uncharacterized LOC101926907
88543	8882215	102216272	ENSMUSG00000078941	Ak6	adenylate kinase 6
91107	8895229	102634473	ENSMUSG00000086727	Gm29669	predicted gene 29669
92221	8901395	102636041	ENSMUSG00000087022	Gm38484	predicted gene, 38484
92905	8904955	102636984	ENSMUSG00000115016	Gm33906	predicted gene, 33906
92946	8905165	102637039	ENSMUSG00000117473	Gm33948	predicted gene, 33948
93319	8907048	102637547	ENSMUSG00000112028	Gm34328	predicted gene, 34328
93439	8907681	102637719	ENSMUSG00000020225	Gm38500	predicted gene, 38500
94021	8910783	102638547	ENSMUSG00000095291	Gm12614	ubiquitin-60S ribosomal protein L40 pseudogene
94727	8914460	102639549	ENSMUSG00000045106	Gm38521	predicted gene, 38521
94840	8915031	102639719	ENSMUSG00000057606	Gm57482	predicted gene, 57482
95069	8916262	102640042	ENSMUSG00000100417	Gm29593	predicted gene 29593
96409	9002029	102723370	ENSG00000171714	LOC102723370	uncharacterized LOC102723370
96471	9002629	102723517	ENSG00000234899	LOC102723517	uncharacterized LOC102723517
96558	9003458	102723728	ENSG00000185164	LOC102723728	nodal modulator 3-like
96681	9004893	102724058	ENSG00000236107	LOC102724058	uncharacterized LOC102724058
96763	9005928	102724307	ENSG00000166272	CYP17A1-AS1	CYP17A1 antisense RNA 1
96947	9007816	102724768	ENSG00000237949	LOC102724768	uncharacterized LOC102724768
96964	9007990	102724810	ENSG00000248489	CHD1-DT	CHD1 divergent transcript
97077	9010070	102800315	ENSG00000236172	LINC01246	long intergenic non-protein coding RNA 1246
97087	9010116	103091864	ENSG00000267322	SNHG22	small nucleolar RNA host gene 22
97102	9034694	102238592	ENSRNOG00000039848	Ak6	adenylate kinase 6
97356	9037865	102547212	ENSRNOG00000070972	LOC102547212	disks large homolog 5-like
97379	9038133	102547287	ENSRNOG00000016462	LOC102547287	zinc finger protein 728-like
97641	9041547	120093075	ENSRNOG00000029651	LOC120093075	retinol dehydrogenase 16-like
97805	9043687	102548890	ENSRNOG00000062071	LOC102548890	ubiquitin-like protein FUBI-like
97866	9044622	102549173	ENSRNOG00000050478	LOC102549173	histone H3.2-like
97930	9045590	102549471	ENSRNOG00000020188	Xndc1	Xrcc1 N-terminal domain containing 1
97941	9045746	102549517	ENSRNOG00000032822	LOC102549517	60S ribosomal protein L29-like
98127	9048315	102550314	ENSRNOG00000050229	LOC102550314	glutaredoxin pseudogene
98181	9049030	102550523	ENSRNOG00000039949	Fsbp	fibrinogen silencer binding protein
98451	9052745	102551660	ENSRNOG00000019873	Eml3	EMAP like 3
98463	9052914	102551714	ENSRNOG00000067344	LOC102551714	zinc finger protein 120-like
98477	9053072	102551771	ENSRNOG00000050693	LOC102551771	keratin-associated protein 20-2-like
98587	9054573	102552244	ENSRNOG00000040054	LOC102552244	keratin-associated protein 20-2-like
98654	9055590	102552527	ENSRNOG00000051578	Zfp677	zinc finger protein 677
98748	9056823	102552895	ENSRNOG00000011413	Podn	podocan
98929	9059475	102553763	ENSRNOG00000029490	Znf768	zinc finger protein 768
98956	9059849	102553861	ENSRNOG00000049976	LOC102553861	granzyme-like protein 1-like
99036	9061118	102554231	ENSRNOG00000066614	LOC102554231	paired immunoglobulin-like type 2 receptor alpha-like
99225	9063983	102555079	ENSRNOG00000069005	Poln	DNA polymerase nu
99464	9067424	102556119	ENSRNOG00000029678	Znf354b	zinc finger protein 354B
99502	9068193	102556347	ENSRNOG00000049911	Cbr1l2	carbonyl reductase 1 like 2
99574	9069743	120099190	ENSRNOG00000061094	LOC120099190	cancer/testis antigen 55-like
99659	9108319	401398	ENSG00000224897	POT1-AS1	POT1 antisense RNA 1
99663	9110662	103157000	ENSG00000281880	PAUPAR	PAX6 upstream antisense RNA
99694	9110806	103689915	ENSG00000186047	DLEU1-AS1	DLEU1 antisense RNA 1
99774	9111089	104355288	ENSG00000228262	LINC01320	long intergenic non-protein coding RNA 1320
99791	9111150	104472713	ENSG00000245750	PCAT29	prostate cancer associated transcript 29
99822	9139638	103689987	ENSRNOG00000015502	Mfsd14a	major facilitator superfamily domain containing 14A
99836	9140080	103690110	ENSRNOG00000042777	Zfp78	zinc finger protein 78
99837	9140083	120093104	ENSRNOG00000061895	LOC120093104	T-cell surface glycoprotein YE1/48-like
99847	9140257	103690167	ENSRNOG00000049827	Arl14	ADP-ribosylation factor like GTPase 14
99931	9141877	103690827	ENSRNOG00000007644	Yy2	YY2 transcription factor
99934	9141929	103690850	ENSRNOG00000003954	Cxhxorf65	similar to human chromosome X open reading frame 65
99992	9142609	103691134	ENSRNOG00000020618	Flt3lg	Fms related receptor tyrosine kinase 3 ligand
100408	9149086	103693666	ENSRNOG00000053210	Zbed6	zinc finger, BED-type containing 6
100427	9149422	103693798	ENSRNOG00000040007	LOC103693798	uncharacterized LOC103693798
100480	9150347	103694169	ENSRNOG00000034237	LOC103694169	60S ribosomal protein L39
100577	9152248	120100814	ENSRNOG00000069904	LOC120100814	rho GTPase-activating protein 20-like
100611	9214996	104797536	ENSG00000101883	LINC01402	long intergenic non-protein coding RNA 1402
100625	9215112	105369147	ENSG00000247081	LOC105369147	uncharacterized LOC105369147
100638	9215332	105369187	ENSG00000250748	LOC105369187	uncharacterized LOC105369187
100643	9215489	105369203	ENSG00000258754	LOC105369203	uncharacterized LOC105369203
100644	9215530	105369209	ENSG00000130703	LOC105369209	uncharacterized LOC105369209
100665	9215884	105369302	ENSG00000229425	LOC105369302	uncharacterized LOC105369302
100814	9217052	105369550	ENSG00000149557	STT3A-AS1	STT3A antisense RNA 1
100863	9217412	105369632	ENSG00000111671	LOC105369632	uncharacterized LOC105369632
100911	9217821	105369725	ENSG00000255760	LOC105369725	uncharacterized LOC105369725
101414	9221442	105370496	ENSG00000258537	LINC02310	long intergenic non-protein coding RNA 2310
101581	9222794	105370775	ENSG00000175779	LOC105370775	uncharacterized LOC105370775
101903	9225338	105371348	ENSG00000166848	LOC105371348	uncharacterized LOC105371348
102160	9227586	105371828	ENSG00000267452	LINC02073	long intergenic non-protein coding RNA 2073
102401	9229408	105372240	ENSG00000167476	LOC105372240	uncharacterized LOC105372240
102560	9230749	105372522	ENSG00000182621	LOC105372522	uncharacterized LOC105372522
102748	9232199	105372824	ENSG00000160209	LOC105372824	uncharacterized LOC105372824
103057	9234614	105373378	ENSG00000063587	LOC105373378	uncharacterized LOC105373378
103705	9239430	105374454	ENSG00000119812	RASGRP3-AS1	RASGRP3 antisense RNA 1
103888	9240743	105374731	ENSG00000248461	LINC02107	long intergenic non-protein coding RNA 2107
103953	9241245	105374836	ENSG00000186854	LOC105374836	uncharacterized LOC105374836
104480	9245307	105375707	ENSG00000253434	LOC105375707	uncharacterized LOC105375707
104512	9245535	105375751	ENSG00000253438	LOC105375751	uncharacterized LOC105375751
104770	9247348	105376156	ENSG00000158169	LOC105376156	uncharacterized LOC105376156
104773	9247369	105376159	ENSG00000225194	LOC105376159	uncharacterized LOC105376159
104912	9248326	105376382	ENSG00000242147	LASTR	lncRNA associated with SART3 regulation of splicing
105069	9249441	105376635	ENSG00000254562	LOC105376635	uncharacterized LOC105376635
105264	9251048	105377067	ENSG00000183625	LOC105377067	uncharacterized LOC105377067
105303	9251368	105377138	ENSG00000225331	LINC01678	long intergenic non-protein coding RNA 1678
105358	9251719	105377223	ENSG00000291031	LOC105377223	uncharacterized LOC105377223
105527	9252780	105377467	ENSG00000151611	LINC02491	long intergenic non-protein coding RNA 2491
105637	9253543	105377622	ENSG00000145391	LOC105377622	uncharacterized LOC105377622
105670	9253756	105377683	ENSG00000249738	LOC105377683	uncharacterized LOC105377683
106012	9256302	105378305	ENSG00000231131	LOC105378305	uncharacterized LOC105378305
106846	9294333	105242389	ENSMUSG00000101483	Gm38673	predicted gene, 38673
106868	9294453	108168176	ENSMUSG00000094706	Gm10338	predicted gene 10338
109231	9304389	105245391	ENSMUSG00000062352	Gm40855	predicted gene, 40855
109829	9306590	105246059	ENSMUSG00000005983	Gm41410	predicted gene, 41410
109856	9306697	105246089	ENSMUSG00000068463	C730014E05Rik	RIKEN cDNA C730014E05 gene
110949	9311994	107080638	ENSG00000145979	TBC1D7-LOC100130357	TBC1D7-LOC100130357 readthrough
111272	9665946	109729085	ENSMUSG00000023156	Htd2	hydroxyacyl-thioester dehydratase type 2
111273	9665948	105980076	ENSMUSG00000079033	Mef2bl	myocyte enhancer factor 2B like
111292	9666060	108353202	ENSRNOG00000046751	LOC108353202	disks large homolog 5-like
111348	9666407	108353077	ENSRNOG00000069329	LOC108353077	ral guanine nucleotide dissociation stimulator-like
111463	9666855	107983963	ENSG00000249642	LOC107983963	uncharacterized LOC107983963
111464	9666857	107983961	ENSG00000260887	LOC107983961	uncharacterized LOC107983961
111484	9666904	107983990	ENSG00000197302	LOC107983990	uncharacterized LOC107983990
111555	9667046	107985126	ENSG00000264151	LOC107985126	uncharacterized LOC107985126
111838	9667622	107985317	ENSG00000161270	LOC107985317	uncharacterized LOC107985317
111891	9667700	107985433	ENSG00000205611	LOC107985433	putative uncharacterized protein LOC401522
112105	9668070	106144608	ENSG00000229140	LINC00976	long intergenic non-protein coding RNA 976
112675	9669278	107987330	ENSG00000285756	FAM239C	family with sequence similarity 239 member C
112773	9669508	107987108	ENSG00000234323	LOC107987108	uncharacterized LOC107987108
112811	9669629	107986298	ENSG00000245293	LOC107986298	uncharacterized LOC107986298
112820	9669644	107986281	ENSG00000250302	LOC107986281	uncharacterized LOC107986281
113154	9670235	106707243	ENSG00000212127	PRH1-TAS2R14	PRH1-TAS2R14 readthrough
113666	9671830	106007488	ENSMUSG00000087658	Hotairm2	Hoxa transcript antisense RNA, myeloid-specific 2
113726	9672931	108348051	ENSRNOG00000014811	Zftraf1	zinc finger TRAF type containing 1
113730	9672966	109286553	ENSG00000215769	ARHGAP27P1-BPTFP1-KPNA2P3	ARHGAP27P1-BPTFP1-KPNA2P3 readthrough, transcribed pseudogene
113776	9673078	108348989	ENSRNOG00000030351	LOC108348989	high mobility group protein B1 pseudogene
113822	9673228	108348771	ENSRNOG00000039471	Pcdhb16	protocadherin beta 16
113941	9673817	108348130	ENSRNOG00000049693	LOC108348130	carbonyl reductase [NADPH] 1-like
113955	9673891	108348235	ENSRNOG00000012993	LOC108348235	keratin-associated protein 9-1-like
114015	9695060	106821730	ENSG00000137843	BUB1B-PAK6	BUB1B-PAK6 readthrough
114024	9704058	109504726	ENSG00000152926	ERV3-1-ZNF117	ERV3-1-ZNF117 readthrough
114050	9733956	108167344	ENSMUSG00000074863	Gm45951	predicted gene, 45951
114499	9735402	108168053	ENSMUSG00000114491	Gm46393	predicted gene, 46393
114563	9735614	108168164	ENSMUSG00000021983	Gm57492	predicted gene, 57492
114780	9736283	108168515	ENSMUSG00000095979	Gm21209	predicted gene, 21209
114802	9736335	108168545	ENSMUSG00000095793	Gm20855	predicted gene, 20855
115707	9772500	108351703	ENSRNOG00000031736	LOC108351703	60S ribosomal protein L27a-like
115843	10181479	110006322	ENSG00000254681	PKD1P5-LOC105376752	PKD1P5-LOC105376752 readthrough
115921	10183149	111822955	ENSG00000164053	ATRIP-TREX1	ATRIP-TREX1 readthrough
115931	10190462	111828493	ENSMUSG00000025646	Gm53191	predicted gene, 53191
115972	10370816	112267871	ENSG00000228549	LOC112267871	uncharacterized LOC112267871
115974	10370842	112267877	ENSG00000226833	PPP1CB-DT	PPP1CB divergent transcript
116091	10371458	112268148	ENSG00000138594	LOC112268148	uncharacterized LOC112268148
116486	10402616	116033993	ENSG00000248767	FOXL3	forkhead box L3
116659	10442039	114841036	ENSMUSG00000056629	Gm51400	predicted gene, 51400
117224	10443189	115486408	ENSMUSG00000111511	Gm57498	predicted gene, 57498
117229	10443204	115486416	ENSMUSG00000087470	LOC115486416	uncharacterized LOC115486416
117289	10443364	115486519	ENSMUSG00000091594	LOC115486519	zinc finger protein 120-like
118230	10445393	115487747	ENSMUSG00000087259	Gm57578	predicted gene, 57578
119706	10448742	115489947	ENSMUSG00000059291	Gm57721	predicted gene, 57721
120027	10449473	115490409	ENSMUSG00000085696	Gm57749	predicted gene, 57749
120123	10449693	116707477	ENSMUSG00000042590	Ipo11-lrrc70	Ipo11-lrrc70 readthrough
121407	10452613	118568726	ENSMUSG00000087386	LOC118568726	uncharacterized LOC118568726
121483	10452797	122152370	ENSMUSG00000029723	Spacdr	sperm acrosome developmental regulator
121484	10452799	122152371	ENSMUSG00000029723	Gm57848	predicted gene, 57848
121547	10497521	103693420	ENSRNOG00000036921	LOC103693420	thymosin beta-10 pseudogene
121658	10499840	116621582	ENSRNOG00000047246	Derpc	DERPC proline and glycine rich nuclear protein
121675	10499910	120093065	ENSRNOG00000047098	Hbb-b2	hemoglobin, beta adult minor chain
121679	10499924	120093070	ENSRNOG00000021680	LOC120093070	PHD finger protein 11-like
121682	10499950	120093077	ENSRNOG00000054181	LOC120093077	cytochrome P450 2C6
121688	10499975	120093085	ENSRNOG00000005906	Cd36-ps1	CD36 molecule, pseudogene 1
121689	10499977	120093086	ENSRNOG00000065530	LOC120093086	sulfotransferase 1C2-like
121694	10500004	120093097	ENSRNOG00000038474	LOC120093097	ral guanine nucleotide dissociation stimulator-like
121695	10500006	120093098	ENSRNOG00000042471	LOC120093098	arylacetamide deacetylase-like 2
121704	10500040	120093110	ENSRNOG00000028913	LOC120093110	sperm motility kinase X-like
121712	10500066	120093125	ENSRNOG00000031607	LOC120093125	H-2 class I histocompatibility antigen, Q7 alpha chain-like
121733	10500142	120093163	ENSRNOG00000021680	LOC120093163	PHD finger protein 11-like
121734	10500146	120093164	ENSRNOG00000040300	LOC120093164	retinoic acid early-inducible protein 1-gamma-like
122089	10500990	120093683	ENSRNOG00000068909	LOC120093683	cytochrome P450 11B1, mitochondrial
122150	10501164	120093759	ENSRNOG00000046224	LOC120093759	olfactory receptor 63-like
122368	10501665	120094107	ENSRNOG00000070114	Pate4b	prostate and testis expressed 4B
122524	10502059	120094289	ENSRNOG00000056476	LOC120094289	solute carrier family 22 member 13-like
122887	10502939	120094815	ENSRNOG00000067344	LOC120094815	zinc finger protein 431-like
122888	10502954	120094816	ENSRNOG00000067344	LOC120094816	zinc finger protein 431-like
123225	10503775	120095270	ENSRNOG00000029115	LOC120095270	60S ribosomal protein L12-like
124176	10506037	120096627	ENSRNOG00000033640	LOC120096627	developmental pluripotency-associated protein 3-like
124397	10506580	120096937	ENSRNOG00000067130	LOC120096937	disks large homolog 5-like
125528	10509311	120098584	ENSRNOG00000024016	LOC120098584	cytochrome P450 2C7-like
125563	10509398	120098629	ENSRNOG00000033224	LOC120098629	60S ribosomal protein L29-like
125981	10510462	120099275	ENSRNOG00000030417	LOC120099275	germ cell-less protein-like 2
126405	10511499	120099907	ENSRNOG00000043512	LOC120099907	NADH dehydrogenase [ubiquinone] 1 alpha subcomplex subunit 2-like
126463	10511640	120099971	ENSRNOG00000017872	LOC120099971	aldehyde dehydrogenase family 3 member B3
127647	10514413	120101703	ENSRNOG00000015637	LOC120101703	vomeromodulin-like
127772	10514762	120101889	ENSRNOG00000025892	Set	Set nuclear proto-oncogene
129058	10556597	642659	ENSG00000224578	HNRNPA1L3	heterogeneous nuclear ribonucleoprotein A1 like 3
129425	10578999	124900467	ENSG00000188660	LOC124900467	uncharacterized LOC124900467
129541	10579436	124900607	ENSG00000223734	LOC124900607	uncharacterized LOC124900607
130091	10580985	124901185	ENSG00000247199	LOC124901185	uncharacterized LOC124901185
132008	10586460	124903285	ENSG00000237054	LOC124903285	uncharacterized LOC124903285
132095	10586706	124903372	ENSG00000187621	LOC124903372	uncharacterized LOC124903372
132947	10589118	124904290	ENSG00000267337	LOC124904290	uncharacterized LOC124904290
133540	10590761	124904942	ENSG00000215440	LOC124904942	uncharacterized LOC124904942
133565	10590824	124904967	ENSG00000227195	LOC124904967	uncharacterized LOC124904967
133608	10590938	124905021	ENSG00000184012	LOC124905021	uncharacterized LOC124905021
134343	10593175	124906010	ENSG00000228590	LOC124906010	uncharacterized LOC124906010
137400	10608282	122526778	ENSMUSG00000118332	Sagsin1	salivary gland specific protein SAGSIN1
137401	10608288	122526781	ENSMUSG00000107877	Gm57849	predicted gene, 57849
137407	10610698	124459649	ENSRNOG00000064635	LOC124459649	killer cell lectin-like receptor subfamily A, member 12-like
137408	10610701	125491496	ENSRNOG00000014811	Tmem276-zftraf1	Tmem276-zftraf1 readthrough
137613	10689925	127239154	ENSG00000228463	LOC127239154	uncharacterized LOC127239154
137687	10690141	128854680	ENSG00000079393	DUSP13A	dual specificity phosphatase 13A
137898	10690820	131768270	ENSG00000176087	LOC131768270	uncharacterized LOC131768270
137912	10698811	128932648	ENSMUSG00000021768	Dusp13a	dual specificity phosphatase 13a
137918	10700355	127566412	ENSRNOG00000043171	Ier3ip1	immediate early response 3 interacting protein 1
137919	10700359	128932650	ENSRNOG00000060401	Dusp13a	dual specificity phosphatase 13A
